﻿customerName,ContactNumber,City,Location,Area,Adderess,Email,Facillities,ReferenceId,CustomerId,CustomerDate,CustomerYear,Description,Verified,GoogleMap,CustomerImage,SitePlan,isFavourite,isImported,Campaign,CustomerType,CustomerSubType,CreatedBy
Customer 1,9000000001,Mumbai,West,Area 1,1 Example Street,customer1@example.com,"Parking, WiFi",REF1,CUST1,2025-11-01,2025,Sample test customer data,Yes,https://maps.google.com/?q=location1,[],[],FALSE,TRUE,salse,reatail,good,
Customer 2,9000000002,Mumbai,North,Area 2,2 Example Street,customer2@example.com,"Parking, WiFi",REF2,CUST2,2025-11-01,2025,Sample test customer data,Yes,https://maps.google.com/?q=location2,[],[],FALSE,TRUE,salse,reatail,good,
Customer 3,9000000003,Mumbai,South,Area 3,3 Example Street,customer3@example.com,"Parking, WiFi",REF3,CUST3,2025-11-01,2025,Sample test customer data,Yes,https://maps.google.com/?q=location3,[],[],FALSE,TRUE,salse,reatail,good,
Customer 4,9000000004,Mumbai,East,Area 4,4 Example Street,customer4@example.com,"Parking, WiFi",REF4,CUST4,2025-11-01,2025,Sample test customer data,Yes,https://maps.google.com/?q=location4,[],[],FALSE,TRUE,salse,reatail,good,
Customer 5,9000000005,Mumbai,West,Area 5,5 Example Street,customer5@example.com,"Parking, WiFi",REF5,CUST5,2025-11-01,2025,Sample test customer data,Yes,https://maps.google.com/?q=location5,[],[],FALSE,TRUE,salse,reatail,good,
Customer 6,9000000006,Mumbai,North,Area 6,6 Example Street,customer6@example.com,"Parking, WiFi",REF6,CUST6,2025-11-01,2025,Sample test customer data,Yes,https://maps.google.com/?q=location6,[],[],FALSE,TRUE,salse,reatail,good,
Customer 7,9000000007,Mumbai,South,Area 7,7 Example Street,customer7@example.com,"Parking, WiFi",REF7,CUST7,2025-11-01,2025,Sample test customer data,Yes,https://maps.google.com/?q=location7,[],[],FALSE,TRUE,salse,reatail,good,
Customer 8,9000000008,Mumbai,East,Area 8,8 Example Street,customer8@example.com,"Parking, WiFi",REF8,CUST8,2025-11-01,2025,Sample test customer data,Yes,https://maps.google.com/?q=location8,[],[],FALSE,TRUE,salse,reatail,good,
Customer 9,9000000009,Mumbai,West,Area 9,9 Example Street,customer9@example.com,"Parking, WiFi",REF9,CUST9,2025-11-01,2025,Sample test customer data,Yes,https://maps.google.com/?q=location9,[],[],FALSE,TRUE,salse,reatail,good,
Customer 10,9000000010,Mumbai,North,Area 10,10 Example Street,customer10@example.com,"Parking, WiFi",REF10,CUST10,2025-11-01,2025,Sample test customer data,Yes,https://maps.google.com/?q=location10,[],[],FALSE,TRUE,salse,reatail,good,
Customer 11,9000000011,Mumbai,South,Area 11,11 Example Street,customer11@example.com,"Parking, WiFi",REF11,CUST11,2025-11-01,2025,Sample test customer data,Yes,https://maps.google.com/?q=location11,[],[],FALSE,TRUE,salse,reatail,good,
Customer 12,9000000012,Mumbai,East,Area 12,12 Example Street,customer12@example.com,"Parking, WiFi",REF12,CUST12,2025-11-01,2025,Sample test customer data,Yes,https://maps.google.com/?q=location12,[],[],FALSE,TRUE,salse,reatail,good,
Customer 13,9000000013,Mumbai,West,Area 13,13 Example Street,customer13@example.com,"Parking, WiFi",REF13,CUST13,2025-11-01,2025,Sample test customer data,Yes,https://maps.google.com/?q=location13,[],[],FALSE,TRUE,salse,reatail,good,
Customer 14,9000000014,Mumbai,North,Area 14,14 Example Street,customer14@example.com,"Parking, WiFi",REF14,CUST14,2025-11-01,2025,Sample test customer data,Yes,https://maps.google.com/?q=location14,[],[],FALSE,TRUE,salse,reatail,good,
Customer 15,9000000015,Mumbai,South,Area 15,15 Example Street,customer15@example.com,"Parking, WiFi",REF15,CUST15,2025-11-01,2025,Sample test customer data,Yes,https://maps.google.com/?q=location15,[],[],FALSE,TRUE,salse,reatail,good,
Customer 16,9000000016,Mumbai,East,Area 16,16 Example Street,customer16@example.com,"Parking, WiFi",REF16,CUST16,2025-11-01,2025,Sample test customer data,Yes,https://maps.google.com/?q=location16,[],[],FALSE,TRUE,salse,reatail,good,
Customer 17,9000000017,Mumbai,West,Area 17,17 Example Street,customer17@example.com,"Parking, WiFi",REF17,CUST17,2025-11-01,2025,Sample test customer data,Yes,https://maps.google.com/?q=location17,[],[],FALSE,TRUE,salse,reatail,good,
Customer 18,9000000018,Mumbai,North,Area 18,18 Example Street,customer18@example.com,"Parking, WiFi",REF18,CUST18,2025-11-01,2025,Sample test customer data,Yes,https://maps.google.com/?q=location18,[],[],FALSE,TRUE,salse,reatail,good,
Customer 19,9000000019,Mumbai,South,Area 19,19 Example Street,customer19@example.com,"Parking, WiFi",REF19,CUST19,2025-11-01,2025,Sample test customer data,Yes,https://maps.google.com/?q=location19,[],[],FALSE,TRUE,salse,reatail,good,
Customer 20,9000000020,Mumbai,East,Area 20,20 Example Street,customer20@example.com,"Parking, WiFi",REF20,CUST20,2025-11-01,2025,Sample test customer data,Yes,https://maps.google.com/?q=location20,[],[],FALSE,TRUE,salse,reatail,good,
Customer 21,9000000021,Mumbai,West,Area 21,21 Example Street,customer21@example.com,"Parking, WiFi",REF21,CUST21,2025-11-01,2025,Sample test customer data,Yes,https://maps.google.com/?q=location21,[],[],FALSE,TRUE,salse,reatail,good,
Customer 22,9000000022,Mumbai,North,Area 22,22 Example Street,customer22@example.com,"Parking, WiFi",REF22,CUST22,2025-11-01,2025,Sample test customer data,Yes,https://maps.google.com/?q=location22,[],[],FALSE,TRUE,salse,reatail,good,
Customer 23,9000000023,Mumbai,South,Area 23,23 Example Street,customer23@example.com,"Parking, WiFi",REF23,CUST23,2025-11-01,2025,Sample test customer data,Yes,https://maps.google.com/?q=location23,[],[],FALSE,TRUE,salse,reatail,good,
Customer 24,9000000024,Mumbai,East,Area 24,24 Example Street,customer24@example.com,"Parking, WiFi",REF24,CUST24,2025-11-01,2025,Sample test customer data,Yes,https://maps.google.com/?q=location24,[],[],FALSE,TRUE,salse,reatail,good,
Customer 25,9000000025,Mumbai,West,Area 25,25 Example Street,customer25@example.com,"Parking, WiFi",REF25,CUST25,2025-11-01,2025,Sample test customer data,Yes,https://maps.google.com/?q=location25,[],[],FALSE,TRUE,salse,reatail,good,
Customer 26,9000000026,Mumbai,North,Area 26,26 Example Street,customer26@example.com,"Parking, WiFi",REF26,CUST26,2025-11-01,2025,Sample test customer data,Yes,https://maps.google.com/?q=location26,[],[],FALSE,TRUE,salse,reatail,good,
Customer 27,9000000027,Mumbai,South,Area 27,27 Example Street,customer27@example.com,"Parking, WiFi",REF27,CUST27,2025-11-01,2025,Sample test customer data,Yes,https://maps.google.com/?q=location27,[],[],FALSE,TRUE,salse,reatail,good,
Customer 28,9000000028,Mumbai,East,Area 28,28 Example Street,customer28@example.com,"Parking, WiFi",REF28,CUST28,2025-11-01,2025,Sample test customer data,Yes,https://maps.google.com/?q=location28,[],[],FALSE,TRUE,salse,reatail,good,
Customer 29,9000000029,Mumbai,West,Area 29,29 Example Street,customer29@example.com,"Parking, WiFi",REF29,CUST29,2025-11-01,2025,Sample test customer data,Yes,https://maps.google.com/?q=location29,[],[],FALSE,TRUE,salse,reatail,good,
Customer 30,9000000030,Mumbai,North,Area 30,30 Example Street,customer30@example.com,"Parking, WiFi",REF30,CUST30,2025-11-01,2025,Sample test customer data,Yes,https://maps.google.com/?q=location30,[],[],FALSE,TRUE,salse,reatail,good,
Customer 31,9000000031,Mumbai,South,Area 31,31 Example Street,customer31@example.com,"Parking, WiFi",REF31,CUST31,2025-11-01,2025,Sample test customer data,Yes,https://maps.google.com/?q=location31,[],[],FALSE,TRUE,salse,reatail,good,
Customer 32,9000000032,Mumbai,East,Area 32,32 Example Street,customer32@example.com,"Parking, WiFi",REF32,CUST32,2025-11-01,2025,Sample test customer data,Yes,https://maps.google.com/?q=location32,[],[],FALSE,TRUE,salse,reatail,good,
Customer 33,9000000033,Mumbai,West,Area 33,33 Example Street,customer33@example.com,"Parking, WiFi",REF33,CUST33,2025-11-01,2025,Sample test customer data,Yes,https://maps.google.com/?q=location33,[],[],FALSE,TRUE,salse,reatail,good,
Customer 34,9000000034,Mumbai,North,Area 34,34 Example Street,customer34@example.com,"Parking, WiFi",REF34,CUST34,2025-11-01,2025,Sample test customer data,Yes,https://maps.google.com/?q=location34,[],[],FALSE,TRUE,salse,reatail,good,
Customer 35,9000000035,Mumbai,South,Area 35,35 Example Street,customer35@example.com,"Parking, WiFi",REF35,CUST35,2025-11-01,2025,Sample test customer data,Yes,https://maps.google.com/?q=location35,[],[],FALSE,TRUE,salse,reatail,good,
Customer 36,9000000036,Mumbai,East,Area 36,36 Example Street,customer36@example.com,"Parking, WiFi",REF36,CUST36,2025-11-01,2025,Sample test customer data,Yes,https://maps.google.com/?q=location36,[],[],FALSE,TRUE,salse,reatail,good,
Customer 37,9000000037,Mumbai,West,Area 37,37 Example Street,customer37@example.com,"Parking, WiFi",REF37,CUST37,2025-11-01,2025,Sample test customer data,Yes,https://maps.google.com/?q=location37,[],[],FALSE,TRUE,salse,reatail,good,
Customer 38,9000000038,Mumbai,North,Area 38,38 Example Street,customer38@example.com,"Parking, WiFi",REF38,CUST38,2025-11-01,2025,Sample test customer data,Yes,https://maps.google.com/?q=location38,[],[],FALSE,TRUE,salse,reatail,good,
Customer 39,9000000039,Mumbai,South,Area 39,39 Example Street,customer39@example.com,"Parking, WiFi",REF39,CUST39,2025-11-01,2025,Sample test customer data,Yes,https://maps.google.com/?q=location39,[],[],FALSE,TRUE,salse,reatail,good,
Customer 40,9000000040,Mumbai,East,Area 40,40 Example Street,customer40@example.com,"Parking, WiFi",REF40,CUST40,2025-11-01,2025,Sample test customer data,Yes,https://maps.google.com/?q=location40,[],[],FALSE,TRUE,salse,reatail,good,
Customer 41,9000000041,Mumbai,West,Area 41,41 Example Street,customer41@example.com,"Parking, WiFi",REF41,CUST41,2025-11-01,2025,Sample test customer data,Yes,https://maps.google.com/?q=location41,[],[],FALSE,TRUE,salse,reatail,good,
Customer 42,9000000042,Mumbai,North,Area 42,42 Example Street,customer42@example.com,"Parking, WiFi",REF42,CUST42,2025-11-01,2025,Sample test customer data,Yes,https://maps.google.com/?q=location42,[],[],FALSE,TRUE,salse,reatail,good,
Customer 43,9000000043,Mumbai,South,Area 43,43 Example Street,customer43@example.com,"Parking, WiFi",REF43,CUST43,2025-11-01,2025,Sample test customer data,Yes,https://maps.google.com/?q=location43,[],[],FALSE,TRUE,salse,reatail,good,
Customer 44,9000000044,Mumbai,East,Area 44,44 Example Street,customer44@example.com,"Parking, WiFi",REF44,CUST44,2025-11-01,2025,Sample test customer data,Yes,https://maps.google.com/?q=location44,[],[],FALSE,TRUE,salse,reatail,good,
Customer 45,9000000045,Mumbai,West,Area 45,45 Example Street,customer45@example.com,"Parking, WiFi",REF45,CUST45,2025-11-01,2025,Sample test customer data,Yes,https://maps.google.com/?q=location45,[],[],FALSE,TRUE,salse,reatail,good,
Customer 46,9000000046,Mumbai,North,Area 46,46 Example Street,customer46@example.com,"Parking, WiFi",REF46,CUST46,2025-11-01,2025,Sample test customer data,Yes,https://maps.google.com/?q=location46,[],[],FALSE,TRUE,salse,reatail,good,
Customer 47,9000000047,Mumbai,South,Area 47,47 Example Street,customer47@example.com,"Parking, WiFi",REF47,CUST47,2025-11-01,2025,Sample test customer data,Yes,https://maps.google.com/?q=location47,[],[],FALSE,TRUE,salse,reatail,good,
Customer 48,9000000048,Mumbai,East,Area 48,48 Example Street,customer48@example.com,"Parking, WiFi",REF48,CUST48,2025-11-01,2025,Sample test customer data,Yes,https://maps.google.com/?q=location48,[],[],FALSE,TRUE,salse,reatail,good,
Customer 49,9000000049,Mumbai,West,Area 49,49 Example Street,customer49@example.com,"Parking, WiFi",REF49,CUST49,2025-11-01,2025,Sample test customer data,Yes,https://maps.google.com/?q=location49,[],[],FALSE,TRUE,salse,reatail,good,
Customer 50,9000000050,Mumbai,North,Area 50,50 Example Street,customer50@example.com,"Parking, WiFi",REF50,CUST50,2025-11-01,2025,Sample test customer data,Yes,https://maps.google.com/?q=location50,[],[],FALSE,TRUE,salse,reatail,good,
Customer 51,9000000051,Mumbai,South,Area 51,51 Example Street,customer51@example.com,"Parking, WiFi",REF51,CUST51,2025-11-01,2025,Sample test customer data,Yes,https://maps.google.com/?q=location51,[],[],FALSE,TRUE,salse,reatail,good,
Customer 52,9000000052,Mumbai,East,Area 52,52 Example Street,customer52@example.com,"Parking, WiFi",REF52,CUST52,2025-11-01,2025,Sample test customer data,Yes,https://maps.google.com/?q=location52,[],[],FALSE,TRUE,salse,reatail,good,
Customer 53,9000000053,Mumbai,West,Area 53,53 Example Street,customer53@example.com,"Parking, WiFi",REF53,CUST53,2025-11-01,2025,Sample test customer data,Yes,https://maps.google.com/?q=location53,[],[],FALSE,TRUE,salse,reatail,good,
Customer 54,9000000054,Mumbai,North,Area 54,54 Example Street,customer54@example.com,"Parking, WiFi",REF54,CUST54,2025-11-01,2025,Sample test customer data,Yes,https://maps.google.com/?q=location54,[],[],FALSE,TRUE,salse,reatail,good,
Customer 55,9000000055,Mumbai,South,Area 55,55 Example Street,customer55@example.com,"Parking, WiFi",REF55,CUST55,2025-11-01,2025,Sample test customer data,Yes,https://maps.google.com/?q=location55,[],[],FALSE,TRUE,salse,reatail,good,
Customer 56,9000000056,Mumbai,East,Area 56,56 Example Street,customer56@example.com,"Parking, WiFi",REF56,CUST56,2025-11-01,2025,Sample test customer data,Yes,https://maps.google.com/?q=location56,[],[],FALSE,TRUE,salse,reatail,good,
Customer 57,9000000057,Mumbai,West,Area 57,57 Example Street,customer57@example.com,"Parking, WiFi",REF57,CUST57,2025-11-01,2025,Sample test customer data,Yes,https://maps.google.com/?q=location57,[],[],FALSE,TRUE,salse,reatail,good,
Customer 58,9000000058,Mumbai,North,Area 58,58 Example Street,customer58@example.com,"Parking, WiFi",REF58,CUST58,2025-11-01,2025,Sample test customer data,Yes,https://maps.google.com/?q=location58,[],[],FALSE,TRUE,salse,reatail,good,
Customer 59,9000000059,Mumbai,South,Area 59,59 Example Street,customer59@example.com,"Parking, WiFi",REF59,CUST59,2025-11-01,2025,Sample test customer data,Yes,https://maps.google.com/?q=location59,[],[],FALSE,TRUE,salse,reatail,good,
Customer 60,9000000060,Mumbai,East,Area 60,60 Example Street,customer60@example.com,"Parking, WiFi",REF60,CUST60,2025-11-01,2025,Sample test customer data,Yes,https://maps.google.com/?q=location60,[],[],FALSE,TRUE,salse,reatail,good,
Customer 61,9000000061,Mumbai,West,Area 61,61 Example Street,customer61@example.com,"Parking, WiFi",REF61,CUST61,2025-11-01,2025,Sample test customer data,Yes,https://maps.google.com/?q=location61,[],[],FALSE,TRUE,salse,reatail,good,
Customer 62,9000000062,Mumbai,North,Area 62,62 Example Street,customer62@example.com,"Parking, WiFi",REF62,CUST62,2025-11-01,2025,Sample test customer data,Yes,https://maps.google.com/?q=location62,[],[],FALSE,TRUE,salse,reatail,good,
Customer 63,9000000063,Mumbai,South,Area 63,63 Example Street,customer63@example.com,"Parking, WiFi",REF63,CUST63,2025-11-01,2025,Sample test customer data,Yes,https://maps.google.com/?q=location63,[],[],FALSE,TRUE,salse,reatail,good,
Customer 64,9000000064,Mumbai,East,Area 64,64 Example Street,customer64@example.com,"Parking, WiFi",REF64,CUST64,2025-11-01,2025,Sample test customer data,Yes,https://maps.google.com/?q=location64,[],[],FALSE,TRUE,salse,reatail,good,
Customer 65,9000000065,Mumbai,West,Area 65,65 Example Street,customer65@example.com,"Parking, WiFi",REF65,CUST65,2025-11-01,2025,Sample test customer data,Yes,https://maps.google.com/?q=location65,[],[],FALSE,TRUE,salse,reatail,good,
Customer 66,9000000066,Mumbai,North,Area 66,66 Example Street,customer66@example.com,"Parking, WiFi",REF66,CUST66,2025-11-01,2025,Sample test customer data,Yes,https://maps.google.com/?q=location66,[],[],FALSE,TRUE,salse,reatail,good,
Customer 67,9000000067,Mumbai,South,Area 67,67 Example Street,customer67@example.com,"Parking, WiFi",REF67,CUST67,2025-11-01,2025,Sample test customer data,Yes,https://maps.google.com/?q=location67,[],[],FALSE,TRUE,salse,reatail,good,
Customer 68,9000000068,Mumbai,East,Area 68,68 Example Street,customer68@example.com,"Parking, WiFi",REF68,CUST68,2025-11-01,2025,Sample test customer data,Yes,https://maps.google.com/?q=location68,[],[],FALSE,TRUE,salse,reatail,good,
Customer 69,9000000069,Mumbai,West,Area 69,69 Example Street,customer69@example.com,"Parking, WiFi",REF69,CUST69,2025-11-01,2025,Sample test customer data,Yes,https://maps.google.com/?q=location69,[],[],FALSE,TRUE,salse,reatail,good,
Customer 70,9000000070,Mumbai,North,Area 70,70 Example Street,customer70@example.com,"Parking, WiFi",REF70,CUST70,2025-11-01,2025,Sample test customer data,Yes,https://maps.google.com/?q=location70,[],[],FALSE,TRUE,salse,reatail,good,
Customer 71,9000000071,Mumbai,South,Area 71,71 Example Street,customer71@example.com,"Parking, WiFi",REF71,CUST71,2025-11-01,2025,Sample test customer data,Yes,https://maps.google.com/?q=location71,[],[],FALSE,TRUE,salse,reatail,good,
Customer 72,9000000072,Mumbai,East,Area 72,72 Example Street,customer72@example.com,"Parking, WiFi",REF72,CUST72,2025-11-01,2025,Sample test customer data,Yes,https://maps.google.com/?q=location72,[],[],FALSE,TRUE,salse,reatail,good,
Customer 73,9000000073,Mumbai,West,Area 73,73 Example Street,customer73@example.com,"Parking, WiFi",REF73,CUST73,2025-11-01,2025,Sample test customer data,Yes,https://maps.google.com/?q=location73,[],[],FALSE,TRUE,salse,reatail,good,
Customer 74,9000000074,Mumbai,North,Area 74,74 Example Street,customer74@example.com,"Parking, WiFi",REF74,CUST74,2025-11-01,2025,Sample test customer data,Yes,https://maps.google.com/?q=location74,[],[],FALSE,TRUE,salse,reatail,good,
Customer 75,9000000075,Mumbai,South,Area 75,75 Example Street,customer75@example.com,"Parking, WiFi",REF75,CUST75,2025-11-01,2025,Sample test customer data,Yes,https://maps.google.com/?q=location75,[],[],FALSE,TRUE,salse,reatail,good,
Customer 76,9000000076,Mumbai,East,Area 76,76 Example Street,customer76@example.com,"Parking, WiFi",REF76,CUST76,2025-11-01,2025,Sample test customer data,Yes,https://maps.google.com/?q=location76,[],[],FALSE,TRUE,salse,reatail,good,
Customer 77,9000000077,Mumbai,West,Area 77,77 Example Street,customer77@example.com,"Parking, WiFi",REF77,CUST77,2025-11-01,2025,Sample test customer data,Yes,https://maps.google.com/?q=location77,[],[],FALSE,TRUE,salse,reatail,good,
Customer 78,9000000078,Mumbai,North,Area 78,78 Example Street,customer78@example.com,"Parking, WiFi",REF78,CUST78,2025-11-01,2025,Sample test customer data,Yes,https://maps.google.com/?q=location78,[],[],FALSE,TRUE,salse,reatail,good,
Customer 79,9000000079,Mumbai,South,Area 79,79 Example Street,customer79@example.com,"Parking, WiFi",REF79,CUST79,2025-11-01,2025,Sample test customer data,Yes,https://maps.google.com/?q=location79,[],[],FALSE,TRUE,salse,reatail,good,
Customer 80,9000000080,Mumbai,East,Area 80,80 Example Street,customer80@example.com,"Parking, WiFi",REF80,CUST80,2025-11-01,2025,Sample test customer data,Yes,https://maps.google.com/?q=location80,[],[],FALSE,TRUE,salse,reatail,good,
Customer 81,9000000081,Mumbai,West,Area 81,81 Example Street,customer81@example.com,"Parking, WiFi",REF81,CUST81,2025-11-01,2025,Sample test customer data,Yes,https://maps.google.com/?q=location81,[],[],FALSE,TRUE,salse,reatail,good,
Customer 82,9000000082,Mumbai,North,Area 82,82 Example Street,customer82@example.com,"Parking, WiFi",REF82,CUST82,2025-11-01,2025,Sample test customer data,Yes,https://maps.google.com/?q=location82,[],[],FALSE,TRUE,salse,reatail,good,
Customer 83,9000000083,Mumbai,South,Area 83,83 Example Street,customer83@example.com,"Parking, WiFi",REF83,CUST83,2025-11-01,2025,Sample test customer data,Yes,https://maps.google.com/?q=location83,[],[],FALSE,TRUE,salse,reatail,good,
Customer 84,9000000084,Mumbai,East,Area 84,84 Example Street,customer84@example.com,"Parking, WiFi",REF84,CUST84,2025-11-01,2025,Sample test customer data,Yes,https://maps.google.com/?q=location84,[],[],FALSE,TRUE,salse,reatail,good,
Customer 85,9000000085,Mumbai,West,Area 85,85 Example Street,customer85@example.com,"Parking, WiFi",REF85,CUST85,2025-11-01,2025,Sample test customer data,Yes,https://maps.google.com/?q=location85,[],[],FALSE,TRUE,salse,reatail,good,
Customer 86,9000000086,Mumbai,North,Area 86,86 Example Street,customer86@example.com,"Parking, WiFi",REF86,CUST86,2025-11-01,2025,Sample test customer data,Yes,https://maps.google.com/?q=location86,[],[],FALSE,TRUE,salse,reatail,good,
Customer 87,9000000087,Mumbai,South,Area 87,87 Example Street,customer87@example.com,"Parking, WiFi",REF87,CUST87,2025-11-01,2025,Sample test customer data,Yes,https://maps.google.com/?q=location87,[],[],FALSE,TRUE,salse,reatail,good,
Customer 88,9000000088,Mumbai,East,Area 88,88 Example Street,customer88@example.com,"Parking, WiFi",REF88,CUST88,2025-11-01,2025,Sample test customer data,Yes,https://maps.google.com/?q=location88,[],[],FALSE,TRUE,salse,reatail,good,
Customer 89,9000000089,Mumbai,West,Area 89,89 Example Street,customer89@example.com,"Parking, WiFi",REF89,CUST89,2025-11-01,2025,Sample test customer data,Yes,https://maps.google.com/?q=location89,[],[],FALSE,TRUE,salse,reatail,good,
Customer 90,9000000090,Mumbai,North,Area 90,90 Example Street,customer90@example.com,"Parking, WiFi",REF90,CUST90,2025-11-01,2025,Sample test customer data,Yes,https://maps.google.com/?q=location90,[],[],FALSE,TRUE,salse,reatail,good,
Customer 91,9000000091,Mumbai,South,Area 91,91 Example Street,customer91@example.com,"Parking, WiFi",REF91,CUST91,2025-11-01,2025,Sample test customer data,Yes,https://maps.google.com/?q=location91,[],[],FALSE,TRUE,salse,reatail,good,
Customer 92,9000000092,Mumbai,East,Area 92,92 Example Street,customer92@example.com,"Parking, WiFi",REF92,CUST92,2025-11-01,2025,Sample test customer data,Yes,https://maps.google.com/?q=location92,[],[],FALSE,TRUE,salse,reatail,good,
Customer 93,9000000093,Mumbai,West,Area 93,93 Example Street,customer93@example.com,"Parking, WiFi",REF93,CUST93,2025-11-01,2025,Sample test customer data,Yes,https://maps.google.com/?q=location93,[],[],FALSE,TRUE,salse,reatail,good,
Customer 94,9000000094,Mumbai,North,Area 94,94 Example Street,customer94@example.com,"Parking, WiFi",REF94,CUST94,2025-11-01,2025,Sample test customer data,Yes,https://maps.google.com/?q=location94,[],[],FALSE,TRUE,salse,reatail,good,
Customer 95,9000000095,Mumbai,South,Area 95,95 Example Street,customer95@example.com,"Parking, WiFi",REF95,CUST95,2025-11-01,2025,Sample test customer data,Yes,https://maps.google.com/?q=location95,[],[],FALSE,TRUE,salse,reatail,good,
Customer 96,9000000096,Mumbai,East,Area 96,96 Example Street,customer96@example.com,"Parking, WiFi",REF96,CUST96,2025-11-01,2025,Sample test customer data,Yes,https://maps.google.com/?q=location96,[],[],FALSE,TRUE,salse,reatail,good,
Customer 97,9000000097,Mumbai,West,Area 97,97 Example Street,customer97@example.com,"Parking, WiFi",REF97,CUST97,2025-11-01,2025,Sample test customer data,Yes,https://maps.google.com/?q=location97,[],[],FALSE,TRUE,salse,reatail,good,
Customer 98,9000000098,Mumbai,North,Area 98,98 Example Street,customer98@example.com,"Parking, WiFi",REF98,CUST98,2025-11-01,2025,Sample test customer data,Yes,https://maps.google.com/?q=location98,[],[],FALSE,TRUE,salse,reatail,good,
Customer 99,9000000099,Mumbai,South,Area 99,99 Example Street,customer99@example.com,"Parking, WiFi",REF99,CUST99,2025-11-01,2025,Sample test customer data,Yes,https://maps.google.com/?q=location99,[],[],FALSE,TRUE,salse,reatail,good,
Customer 100,9000000100,Mumbai,East,Area 100,100 Example Street,customer100@example.com,"Parking, WiFi",REF100,CUST100,2025-11-01,2025,Sample test customer data,Yes,https://maps.google.com/?q=location100,[],[],FALSE,TRUE,salse,reatail,good,